sample	K00855	K01601	K01602	K14468	K08691	K14470	K09709	K15039	K15016	K15230	K15231	K03519	K03518	K00320	K14083	K00577	K03390	K05979	K06034	K08097	K13039	K10944	K00370	K00371	K00367	K00372	K00362	K00363	K00368	K15864	K04561	K02305	K00376	K00374	K02567	K02568	K00394	K00395	K11181	K00436	Genome.Size	Gene.Count	sample.y	station	filtersize	Date	Ocean	Depth	Longitude	Latitude	Salinity	T.pot	O2	AOU	WSDW	CDW	NADW_2	NADW_4.6	NADW	AAIW	SAMW	WATERMASS	Basin
MP0103	0.03654636820466	0.011877569666514	0	0	0	0.002740977615349	0.02603928734582	0	0.021014161717679	0	0	0.273640931932389	0.246231155778895	0.14070351758794	0.149383280036546	0	0.002284148012791	0.019186843307446	0.050251256281407	0.010050251256281	0.116948378254911	0.007309273640932	0.033348560986752	0.00776610324349	0	0.056190041114664	0.068524440383737	0.031064412973961	0.030607583371403	0	0	0.011420740063956	0	0	0	0	0.079488350845135	0.028323435358611	0	0	640352391	3246100	103	7	0.2	23/12/10	Atlantic	-4005	-23.45	21.51	34.8951	2.0182	228.6143	102.1064	0	0.0849	0.904	0.0112	0.9151	0	0	NADW	Canary basin
MP0104	0.215291750503018	0	0	0	0.012072434607646	0	0	0	0	0	0	0.169014084507042	0.132796780684105	0	0	0	0	0	0	0	0	0	0.012072434607646	0.014084507042254	0	0.301810865191147	0.323943661971831	0.124748490945674	0	0	0	0.060362173038229	0	0.002012072434608	0	0	0.372233400402414	0.150905432595573	0	0	474895456	2405471	104	7	0.8	23/12/10	Atlantic	-4005	-23.45	21.51	34.8951	2.0182	228.6143	102.1064	0	0.0849	0.904	0.0112	0.9151	0	0	NADW	Canary basin
MP0144	0.057692307692308	0	0	0	0	0	0	0	0	0	0	0.112637362637363	0.043956043956044	0	0	0	0	0	0	0	0	0	0	0.021978021978022	0	0.263736263736264	0.335164835164835	0.054945054945055	0	0	0	0.063186813186813	0	0	0	0	0.134615384615385	0.04945054945055	0	0	365930654	1888316	144	10	0.8	26/12/10	Atlantic	-4002	-26	14.52	34.8948	2.0429	216.9404	113.577	0	0.0931	0.9069	0	0.9069	0	0	NADW	Canary basin
MP0145	0.018538713195202	0	0	0	0	0	0.013086150490731	0	0.015267175572519	0	0	0.076335877862595	0.104689203925845	0.082878953107961	0.164667393675027	0.004362050163577	0	0	0.019629225736096	0	0.017448200654308	0	0.083969465648855	0.017448200654308	0	0.019629225736096	0.053435114503817	0.022900763358779	0.005452562704471	0	0	0.025081788440567	0	0	0	0	0.030534351145038	0.00763358778626	0	0	289050856	1493594	145	10	0.2	26/12/10	Atlantic	-4002	-26	14.52	34.8948	2.0429	216.9404	113.577	0	0.0931	0.9069	0	0.9069	0	0	NADW	Canary basin
MP0203	0.158346333853354	0	0	0	0	0	0.021840873634945	0	0.014040561622465	0	0	0.1801872074883	0.153666146645866	0.073322932917317	0.162246489859594	0	0	0.009360374414977	0.025741029641186	0	0.03198127925117	0.010920436817473	0.139625585023401	0.06786271450858	0	0.329953198127925	0.310452418096724	0.117004680187208	0.00390015600624	0	0.009360374414977	0.00390015600624	0.00390015600624	0.037441497659906	0.00390015600624	0	0.049921996879875	0.017940717628705	0	0	358314989	1761591	203	13	0.8	29/12/10	Atlantic	-4003	-26	7.33	34.8901	2.0165	231.2535	99.4941	0	0.1131	0.8869	0	0.8869	0	0	NADW	Canary basin
MP0204	0.04753282028067	0.002263467632413	0	0	0	0	0.012222725215029	0	0.014938886373925	0	0	0.132186509732911	0.106835672249887	0.111362607514713	0.125848800362155	0	0	0.013580805794477	0.026256224535989	0.002716161158895	0.054775916704391	0	0.06337709370756	0.019465821638751	0	0.097329108193753	0.103666817564509	0.050701674966048	0.047985513807153	0	0.009959257582617	0.023540063377094	0.002716161158895	0.008601177003169	0	0	0.086917157084654	0.031235853327297	0	0.002263467632413	683169021	3510191	204	13	0.2	29/12/10	Atlantic	-4003	-26	7.33	34.8901	2.0165	231.2535	99.4941	0	0.1131	0.8869	0	0.8869	0	0	NADW	Canary basin
MP0261	0.119083969465649	0	0	0	0	0	0	0	0	0	0	0.169465648854962	0.141984732824427	0	0	0	0	0	0	0	0	0	0.087022900763359	0.074809160305344	0	0.312977099236641	0.386259541984733	0.109923664122137	0	0	0.038167938931298	0.123664122137405	0.056488549618321	0.019847328244275	0.033587786259542	0.033587786259542	0.141984732824427	0.065648854961832	0	0	649491169	3375450	261	17	0.8	02/01/11	Atlantic	-4002	-27.33	-3.03	34.8676	1.7369	236.0128	97.1188	0.1098	0.0786	0.8115	0	0.8115	0	0	NADW	Brazil basin
MP0262	0.093093093093093	0	0	0	0	0	0.039039039039039	0	0.006006006006006	0	0	0.453453453453454	0.372372372372372	0.048048048048048	0.288288288288288	0.003003003003003	0	0.039039039039039	0.039039039039039	0	0.117117117117117	0.204204204204204	0.009009009009009	0	0	0.156156156156156	0.201201201201201	0.066066066066066	0.261261261261261	0	0.012012012012012	0.09009009009009	0.021021021021021	0	0.024024024024024	0	0.117117117117117	0	0	0	442589715	2307280	262	17	0.2	02/01/11	Atlantic	-4002	-27.33	-3.03	34.8676	1.7369	236.0128	97.1188	0.1098	0.0786	0.8115	0	0.8115	0	0	NADW	Brazil basin
MP0326	0.105343511450382	0	0	0	0	0	0.035114503816794	0	0.010687022900763	0	0	0.083969465648855	0.024427480916031	0	0	0	0	0	0	0	0	0	0.021374045801527	0.00763358778626	0	0.16793893129771	0.184732824427481	0.074809160305344	0	0	0	0.03969465648855	0	0.00763358778626	0	0	0.158778625954198	0.068702290076336	0	0	628946250	3285360	326	20	0.8	05/01/11	Atlantic	-4001	-30.19	-9.12	34.8447	1.5802	227.6145	106.8922	0.1712	0.1184	0.7104	0	0.7104	0	0	NADW	Brazil basin
MP0327	0.02601377199694	0.008416220351951	0	0	0	0.000765110941086	0.041315990818669	0	0.033664881407804	0	0	0.279265493496557	0.255547054322877	0.122417750573833	0.141545524100995	0	0	0.019127773527161	0.02371843917368	0	0.118592195868401	0.012241775057383	0.006120887528692	0.000765110941086	0	0.067329762815608	0.06044376434583	0.032899770466718	0.005355776587605	0	0.001530221882173	0.02601377199694	0	0	0	0	0.090283091048202	0.02601377199694	0	0	399191487	2020100	327	20	0.2	05/01/11	Atlantic	-4001	-30.19	-9.12	34.8447	1.5802	227.6145	106.8922	0.1712	0.1184	0.7104	0	0.7104	0	0	NADW	Brazil basin
MP0371	0.086741016109046	0	0	0	0.007434944237918	0	0.004956629491945	0	0	0	0	0.133828996282528	0.107806691449814	0	0.006195786864932	0	0	0	0.006195786864932	0	0	0	0.086741016109046	0.076827757125155	0	0.168525402726146	0.125154894671623	0.0817843866171	0	0	0	0.047087980173482	0	0.049566294919455	0	0	0.245353159851301	0.133828996282528	0	0	974701605	5159545	371	23	0.8	08/01/11	Atlantic	-4003	-33.41	-15.83	34.8269	1.4542	223.0178	112.5997	0.2211	0.1464	0.6325	0	0.6325	0	0	NADW	Brazil basin
MP0372	0.011541325390916	0.016381236038719	0	0	0.009307520476545	0.008562918838421	0.0536113179449	0	0.001861504095309	0	0	0.368950111690246	0.314966492926284	0.17982129560685	0.212956068503351	0	0	0.027922561429635	0.046909903201787	0.006701414743112	0.141474311243485	0.013402829486225	0.009679821295607	0.011169024571854	0	0.025688756515264	0.024944154877141	0.033879374534624	0.032390171258377	0	0.003350707371556	0.010424422933731	0	0	0	0	0.151898734177215	0.074087862993299	0	0	935848512	4942054	372	23	0.2	08/01/11	Atlantic	-4003	-33.41	-15.83	34.8269	1.4542	223.0178	112.5997	0.2211	0.1464	0.6325	0	0.6325	0	0	NADW	Brazil basin
MP0440	0.053915275994865	0	0	0	0	0.00385109114249	0.014120667522465	0	0	0	0	0.066752246469833	0.056482670089859	0	0.030808729139923	0	0	0	0	0	0	0	0.029525032092426	0.014120667522465	0	0.277278562259307	0.367137355584082	0.133504492939666	0	0	0	0.03209242618742	0	0.00385109114249	0.016688061617458	0	0.093709884467266	0.048780487804878	0	0	762977892	3973945	440	26	0.8	11/01/11	Atlantic	-3907	-36.95	-22.97	34.7347	0.5836	208.8818	134.5072	0.5981	0.1357	0.2662	0	0.2662	0	0	WSDW	Brazil basin
MP0441	0.039124668435013	0.011936339522546	0	0.011273209549072	0.011273209549072	0.006631299734748	0.042440318302387	0	0.004641909814324	0	0	0.240716180371353	0.200928381962865	0.11737400530504	0.158488063660477	0.031167108753316	0	0.021883289124668	0.031167108753316	0	0.053050397877984	0	0.080238726790451	0.020557029177719	0	0.026525198938992	0.074270557029178	0.008620689655172	0.047082228116711	0	0.020557029177719	0.023872679045093	0.017241379310345	0.012599469496021	0	0	0.121352785145889	0.027851458885942	0	0	617505833	3205728	441	26	0.2	11/01/11	Atlantic	-3907	-36.95	-22.97	34.7347	0.5836	208.8818	134.5072	0.5981	0.1357	0.2662	0	0.2662	0	0	WSDW	Brazil basin
MP0555	0.005836575875486	0	0	0	0	0	0	0	0.005836575875486	0	0	0.066147859922179	0.005836575875486	0	0.011673151750973	0	0	0.089494163424125	0	0	0	0	0	0	0	0.186770428015564	0.324902723735409	0.122568093385214	0	0	0	0	0	0	0	0	0.089494163424125	0.019455252918288	0	0	440079239	2226280	555	32	0.8	24/01/11	Atlantic	-3199	-21.43	-26.91	34.9003	2.2513	230.776	98.0147	0	0.112	0.888	0	0.888	0	0	NADW	Brazil basin
MP0556	0	0.005006257822278	0	0	0.003128911138924	0.008760951188986	0.042553191489362	0	0.015644555694618	0	0	0.23279098873592	0.205256570713392	0.10575719649562	0.167709637046308	0	0	0.066332916145182	0.025031289111389	0.005006257822278	0.046933667083855	0.012515644555695	0	0	0	0.048811013767209	0.115769712140175	0.039424280350438	0.010012515644556	0	0	0	0	0	0	0	0.076971214017522	0.016896120150188	0	0	708040820	3724338	556	32	0.2	24/01/11	Atlantic	-3199	-21.43	-26.91	34.9003	2.2513	230.776	98.0147	0	0.112	0.888	0	0.888	0	0	NADW	Brazil basin
MP0626	0.0625	0	0	0	0	0	0	0	0	0	0	0.291666666666667	0.208333333333333	0	0.46875	0	0	0.71875	0	0	0	0	0	0.072916666666667	0	1.03125	1.5	0.541666666666667	0	0	0	0.104166666666667	0	0	0	0	0.510416666666667	0.072916666666667	0	0	518812960	2724520	626	35	0.8	27/01/11	Atlantic	-3662	-11.8	-28.62	34.8613	2.0761	220.6555	109.6728	0	0.2925	0.6449	0.0626	0.7075	0	0	NADW	Out of basins
MP0627	0	0	0	0	0	0.002574002574003	0.027027027027027	0	0.034749034749035	0	0	0.124839124839125	0.109395109395109	0.034749034749035	0.14028314028314	0	0	0.056628056628057	0.009009009009009	0.001287001287001	0.006435006435006	0	0	0	0	0.06949806949807	0.146718146718147	0.036036036036036	0	0	0	0	0	0	0	0	0.064350064350064	0.011583011583012	0	0	252498315	1285056	627	35	0.2	27/01/11	Atlantic	-3662	-11.8	-28.62	34.8613	2.0761	220.6555	109.6728	0	0.2925	0.6449	0.0626	0.7075	0	0	NADW	Out of basins
MP0739	0	0	0	0	0	0	0	0	0	0	0	0.054347826086957	0.114130434782609	0	0	0	0	0.08695652173913	0	0	0	0	0	0.016304347826087	0	0.048913043478261	0.157608695652174	0.032608695652174	0	0	0	0	0	0	0	0	0.282608695652174	0.081521739130435	0	0	183283184	950931	739	41	0.8	02/02/11	Atlantic	-4001	6.84	-31.81	34.8047	1.4922	205.7978	129.5553	0.1778	0.3203	0.5019	0	0.5019	0	0	NADW	Agulhas-Cape basin
MP0740	0	0.017015706806283	0	0	0	0.031413612565445	0.073298429319372	0	0.032722513089005	0	0	0.547120418848168	0.359947643979058	0.302356020942408	0.511780104712042	0.034031413612565	0	0.092931937172775	0.011780104712042	0.019633507853403	0.102094240837696	0.208115183246073	0.117801047120419	0.040575916230367	0	0.102094240837696	0.100785340314136	0.087696335078534	0.218586387434555	0	0	0	0	0	0	0	0.215968586387435	0.099476439790576	0	0	551995115	2785981	740	41	0.2	02/02/11	Atlantic	-4001	6.84	-31.81	34.8047	1.4922	205.7978	129.5553	0.1778	0.3203	0.5019	0	0.5019	0	0	NADW	Agulhas-Cape basin
MP0758	0	0	0	0	0	0.015817223198594	0	0	0	0	0	0.070298769771529	0.028119507908612	0.231985940246046	0.040421792618629	0	0	0	0	0	0	0	0	0.047451669595782	0	0.008787346221441	0.12829525483304	0.12829525483304	0	0	0	0.015817223198594	0	0	0	0	0.056239015817223	0.043936731107206	0	0	579195992	3042821	758	43	0.8	04/02/11	Atlantic	-3902	12.7692	-32.8128	34.7503	0.9196	199.2961	141.1105	0.4321	0.272	0.2959	0	0.2959	0	0	WSDW	Agulhas-Cape basin
MP0759	0.041773231031543	0.064791133844842	0	0	0.003410059676044	0.050298380221654	0.050298380221654	0	0.090366581415175	0	0	0.310315430520034	0.356351236146633	0.184995737425405	0.618925831202046	0.120204603580563	0	0.017902813299233	0.011082693947144	0.008525149190111	0.045183290707587	0.190963341858483	0.10230179028133	0.011935208866155	0	0.038363171355499	0.025575447570333	0.037510656436488	0.259164535379369	0.011082693947144	0	0	0	0	0	0	0.182438192668372	0.099744245524297	0	0	637391816	3235959	759	43	0.2	04/02/11	Atlantic	-3902	12.7692	-32.8128	34.7503	0.9196	199.2961	141.1105	0.4321	0.272	0.2959	0	0.2959	0	0	WSDW	Agulhas-Cape basin
MP0900	0.545454545454545	0	0	0	0	0	0.141414141414141	0	0.025252525252525	0	0	0.242424242424242	0.222222222222222	0.46969696969697	0.813131313131313	0	0	0.015151515151515	0	0.070707070707071	0	0	0.318181818181818	0.247474747474748	0	1.04545454545455	1.58585858585859	0.808080808080808	0	0	0	0.262626262626263	0	0.207070707070707	0	0.045454545454546	0.131313131313131	0.050505050505051	0	0	425017038	2183591	900	50	0.8	18/02/11	Indic	-4002	39.89	-33.55	34.7402	0.851	199.1923	141.8375	0.4589	0.2899	0.2512	0	0.2512	0	0	WSDW	Agulhas-Cape basin
MP0901	0.06466784244562	0	0	0	0.002939447383892	0.009994121105232	0.014109347442681	0	0	0	0	0.02527924750147	0.023515579071135	0.097589653145209	0.161669606114051	0.052322163433275	0	0.00705467372134	0	0.006466784244562	0.02527924750147	0	0.087007642563198	0.042915931804821	0	0.100529100529101	0.138741916519694	0.034097589653145	0.029982363315697	0	0	0.024691358024691	0.006466784244562	0	0.00705467372134	0	0.004115226337449	0	0	0	562022687	2907172	901	50	0.2	18/02/11	Indic	-4002	39.89	-33.55	34.7402	0.851	199.1923	141.8375	0.4589	0.2899	0.2512	0	0.2512	0	0	WSDW	Agulhas-Cape basin
MP0959	0.043290043290043	0	0	0	0	0	0	0	0	0	0	0.127705627705628	0.071428571428571	0.19047619047619	0.391774891774892	0	0	0.004329004329004	0	0.010822510822511	0	0	0.01948051948052	0.004329004329004	0	0.264069264069264	0.374458874458874	0.203463203463203	0	0	0	0.056277056277056	0	0	0	0	0.032467532467533	0.01948051948052	0	0	535923837	2770736	959	53	0.8	25/02/11	Indic	-3500	63.2478	-27.9783	34.7241	1.3208	164.9308	172.0886	0.1879	0.7311	0.0809	0	0.0809	0	0	CDW	Madagascar basin
MP0960	0.164556962025316	0.00210970464135	0	0	0	0	0.063291139240506	0	0	0.023206751054852	0.040084388185654	0.445147679324895	0.39662447257384	0.189873417721519	0.345991561181435	0	0	0.166666666666667	0.040084388185654	0.012658227848101	0.088607594936709	0.172995780590717	0.023206751054852	0.018987341772152	0	0.573839662447257	0.835443037974684	0.289029535864979	0.082278481012658	0	0	0.090717299578059	0	0	0	0.033755274261603	0.120253164556962	0.033755274261603	0	0	343519053	1572513	960	53	0.2	25/02/11	Indic	-3500	63.2478	-27.9783	34.7241	1.3208	164.9308	172.0886	0.1879	0.7311	0.0809	0	0.0809	0	0	CDW	Madagascar basin
MP1091	0.006302521008403	0	0	0	0	0	0	0	0	0	0	0.233193277310924	0.119747899159664	0.01890756302521	0.186974789915966	0	0	0	0	0	0	0	0.027310924369748	0.050420168067227	0	0.069327731092437	0.117647058823529	0.027310924369748	0	0	0	0.008403361344538	0	0	0	0	0.271008403361345	0.168067226890756	0	0	475889155	2491063	1091	59	0.8	03/03/11	Indic	-4000	82.62	-29.81	34.7244	1.0745	176.0691	163.0636	0.3216	0.5537	0.1247	0	0.1247	0	0	CDW	Mid Indian basin
MP1092	0.009031198686371	0.008210180623974	0.004105090311987	0	0	0	0.022988505747126	0	0.002463054187192	0	0	0.186371100164204	0.186371100164204	0.122331691297209	0.156814449917898	0	0	0.036945812807882	0.042692939244663	0.013957307060755	0.097701149425287	0	0.01559934318555	0	0	0.039408866995074	0.03448275862069	0.024630541871921	0.050903119868637	0	0.009031198686371	0	0	0	0	0	0.049261083743842	0.025451559934319	0	0	525092455	2739887	1092	59	0.2	03/03/11	Indic	-4000	82.62	-29.81	34.7244	1.0745	176.0691	163.0636	0.3216	0.5537	0.1247	0	0.1247	0	0	CDW	Mid Indian basin
MP1140	0	0	0	0	0	0	0	0	0	0	0	0	0	0	0	0	0	0	0	0	0	0	0	0	0	0	0.010050251256281	0	0	0	0	0	0	0	0	0	0.015075376884422	0	0	0	548443178	2884111	1140	62	0.8	06/03/11	Indic	-2400	92.9852	-29.6525	34.7266	1.8199	158.945	173.852	0	0.7274	0.2154	0	0.2154	0.0572	0	CDW	Out of basins
MP1141	0.073552425665102	0.086854460093897	0.048513302034429	0	0.001956181533646	0	0.010954616588419	0.003912363067293	0.001564945226917	0	0	0.016431924882629	0.02112676056338	0.007042253521127	0.0320813771518	0	0	0.051643192488263	0	0.011345852895149	0.003129890453834	0	0.001564945226917	0	0.052425665101721	0	0	0.001173708920188	0.001564945226917	0	0	0	0.001173708920188	0	0	0	0.059467918622848	0.053599374021909	0	0.041862284820031	921024478	4693527	1141	62	0.2	06/03/11	Indic	-2400	92.9852	-29.6525	34.7266	1.8199	158.945	173.852	0	0.7274	0.2154	0	0.2154	0.0572	0	CDW	Out of basins
MP1201	0.01188455008489	0	0	0	0.032258064516129	0	0	0	0.00848896434635	0	0	0.130730050933786	0.037351443123939	0.01358234295416	0.171477079796265	0	0	0	0	0	0	0	0.027164685908319	0.042444821731749	0	0.098471986417657	0.081494057724958	0.042444821731749	0	0	0	0.022071307300509	0	0.025466893039049	0	0	0.057724957555178	0.022071307300509	0	0	598757055	3233454	1201	65	0.8	09/03/11	Indic	-4001	103.3075	-30.3327	34.7178	0.8069	186.0802	155.3939	0.4598	0.4066	0.1336	0	0.1336	0	0	WSDW	South Australian basin
MP1202	0	0.014214046822743	0	0	0.010033444816054	0.005016722408027	0.038461538461539	0	0.045150501672241	0	0	0.319397993311037	0.354515050167224	0.183110367892977	0.315217391304348	0.016722408026756	0	0.020066889632107	0.026755852842809	0	0.127926421404682	0	0.037625418060201	0.018394648829431	0	0.081103678929766	0.130434782608696	0.067725752508361	0.019230769230769	0	0	0	0	0	0	0	0.083612040133779	0.033444816053512	0	0	376851449	1897453	1202	65	0.2	09/03/11	Indic	-4001	103.3075	-30.3327	34.7178	0.8069	186.0802	155.3939	0.4598	0.4066	0.1336	0	0.1336	0	0	WSDW	South Australian basin
MP1241	0.287234042553192	0.122340425531915	0.079787234042553	0	0.00531914893617	0	0.079787234042553	0	0	0	0	0.319148936170213	0.175531914893617	0	0.138297872340426	0	0	0	0	0	0	0	0	0	0	0.382978723404255	0.622340425531915	0.228723404255319	0.00531914893617	0	0	0.031914893617021	0	0	0	0	0.132978723404255	0.042553191489362	0	0	199581678	1049034	1241	67	0.8	11/03/11	Indic	-4004	110.18	-31.16	34.7202	0.9869	174.3169	165.5849	0.3648	0.519	0.1162	0	0.1162	0	0	CDW	South Australian basin
MP1374	0	0	0	0	0.017283950617284	0	0.051851851851852	0	0	0	0	0.254320987654321	0.175308641975309	0.012345679012346	0.301234567901235	0	0	0.133333333333333	0.012345679012346	0	0.022222222222222	0.279012345679012	0.091358024691358	0.02962962962963	0	0.298765432098765	0.580246913580247	0.108641975308642	0.387654320987654	0	0	0	0	0	0	0	0.145679012345679	0.032098765432099	0	0	239786334	1205108	1374	74	0.2	23/03/11	Indic	-3996	135.19	-39.23	34.722	0.9479	180.6806	159.555	0.3878	0.4793	0.133	0	0.133	0	0	CDW	South Australian basin
MP1434	0.022388059701493	0.020522388059702	0	0	0.011194029850746	0	0	0	0	0	0	0.098880597014925	0.011194029850746	0.031716417910448	0	0	0	0	0	0	0	0	0	0.01865671641791	0	0.026119402985075	0.097014925373134	0.020522388059702	0.005597014925373	0	0	0	0	0	0	0	0.102611940298507	0.01865671641791	0.009328358208955	0	611320884	3207852	1434	77	0.8	27/03/11	Indic	-4001	150.41	-38.64	34.716	0.8366	179.3173	161.9021	0.4419	0.4397	0.1185	0	0.1185	0	0	WSDW	South Australian basin
MP1482	0.024054982817869	0.027491408934708	0	0	0.017182130584192	0	0	0	0	0	0	0.106529209621993	0.061855670103093	0.089347079037801	0.015463917525773	0	0	0	0	0	0	0	0.056701030927835	0.029209621993127	0	0	0.13573883161512	0.097938144329897	0	0	0	0	0	0.008591065292096	0	0	0.161512027491409	0.032646048109966	0	0	709674858	3700758	1482	81	0.8	18/04/11	Pacific	-3501	179.1413	-28.4063	34.6818	1.5728	140.3662	194.6222	0.085	0.8598	0	0	0	0.0552	0	CDW	Fiji basin
MP1483	0	0	0	0	0.008888888888889	0.01037037037037	0.059259259259259	0	0.038518518518519	0	0	0.460740740740741	0.411851851851852	0.16	0.494814814814815	0	0	0.022222222222222	0.047407407407407	0.023703703703704	0.066666666666667	0.247407407407407	0.155555555555556	0.045925925925926	0	0	0.002962962962963	0.054814814814815	0.173333333333333	0	0	0	0	0	0	0	0.306666666666667	0.118518518518519	0	0	440240878	2216398	1483	81	0.2	18/04/11	Pacific	-3501	179.1413	-28.4063	34.6818	1.5728	140.3662	194.6222	0.085	0.8598	0	0	0	0.0552	0	CDW	Fiji basin
MP1493	0	0	0	0	0.222222222222222	0.008547008547009	0.034188034188034	0	0	0	0	0.547008547008547	0.273504273504274	1.42735042735043	0.025641025641026	0	0	0	0	0	0	0	0	0	0	0.094017094017094	1.83760683760684	1.37606837606838	0	0	0.034188034188034	0	0	0	0	0	0.17948717948718	0.05982905982906	0	0.034188034188034	412077766	2141008	1493	82	0.8	19/04/11	Pacific	-2150	-179.52	-25.49	34.6456	2.0126	139.1121	192.288	0	0.8562	0	0	0	0.118	0.0258	CDW	Out of basins
MP1494	0.018691588785047	0.014018691588785	0	0	0	0.009345794392523	0.011682242990654	0	0	0	0	0.167056074766355	0.164719626168224	0.066588785046729	0.169392523364486	0	0	0	0	0.019859813084112	0	0.003504672897196	0.033878504672897	0.003504672897196	0	0.014018691588785	0.015186915887851	0	0.01285046728972	0	0	0	0	0	0	0	0.093457943925234	0.022196261682243	0	0	362878846	1932944	1494	82	0.2	19/04/11	Pacific	-2150	-179.52	-25.49	34.6456	2.0126	139.1121	192.288	0	0.8562	0	0	0	0.118	0.0258	CDW	Out of basins
MP1648	0.015325670498084	0	0	0	0.03639846743295	0.026819923371648	0	0	0	0	0	0.076628352490422	0.118773946360153	0.362068965517241	0.084291187739464	0	0	0.001915708812261	0	0	0	0	0.013409961685824	0	0	0.047892720306513	0.478927203065134	0.256704980842912	0	0	0	0.022988505747126	0	0	0	0	0.021072796934866	0	0	0.120689655172414	435644082	2261933	1648	91	0.8	28/04/11	Pacific	-4018	-170.7407	-5.75	34.6955	1.1026	153.1939	185.7726	0.2929	0.6956	0	0	0	0.0115	0	CDW	Pacific basin
MP1649	0.019230769230769	0	0	0	0.101809954751131	0.010180995475113	0.10972850678733	0	0.007918552036199	0	0	0.503393665158371	0.441176470588235	0.25	0.395927601809955	0	0	0.066742081447964	0.01131221719457	0	0.096153846153846	0.176470588235294	0.115384615384615	0.031674208144796	0	0.176470588235294	0.334841628959276	0.178733031674208	0.386877828054299	0	0.009049773755656	0.021493212669683	0.005656108597285	0	0	0	0.178733031674208	0.067873303167421	0	0	797046927	4175360	1649	91	0.2	28/04/11	Pacific	-4018	-170.7407	-5.75	34.6955	1.1026	153.1939	185.7726	0.2929	0.6956	0	0	0	0.0115	0	CDW	Pacific basin
MP1787	0.031986531986532	0	0	0	0.075757575757576	0.042087542087542	0.016835016835017	0	0	0	0	0.2003367003367	0.151515151515152	0.2996632996633	0.181818181818182	0	0	0.067340067340067	0	0	0	0	0.074074074074074	0.021885521885522	0	0.17003367003367	0.631313131313131	0.30976430976431	0.018518518518519	0	0.015151515151515	0.058922558922559	0.008417508417508	0	0.04040404040404	0.01010101010101	0.045454545454546	0	0	0.037037037037037	448251236	2303680	1787	97	0.8	04/05/11	Pacific	-3818	-163.53	9.22	34.692	1.1537	142.4094	196.1259	0.2726	0.708	0	0	0	0.0194	0	CDW	Pacific basin
MP1788	0.00976290097629	0.00278940027894	0	0	0.087866108786611	0.02231520223152	0.107391910739191	0	0.02649930264993	0	0	0.393305439330544	0.379358437935844	0.225941422594142	0.404463040446304	0	0	0.087866108786611	0.054393305439331	0	0.078103207810321	0.209205020920502	0.152022315202232	0.048814504881451	0	0.182705718270572	0.352859135285914	0.135285913528591	0.253835425383543	0	0.00976290097629	0.02092050209205	0.00557880055788	0.00697350069735	0	0	0.214783821478382	0.078103207810321	0	0.01255230125523	669544334	3467900	1788	97	0.2	04/05/11	Pacific	-3818	-163.53	9.22	34.692	1.1537	142.4094	196.1259	0.2726	0.708	0	0	0	0.0194	0	CDW	Pacific basin
MP1896	0.067796610169492	0.047457627118644	0	0	0.138983050847458	0.110169491525424	0.167796610169492	0	0	0	0	0.589830508474576	0.323728813559322	0.420338983050847	0.345762711864407	0	0	0.030508474576271	0	0	0	0	0.167796610169492	0.047457627118644	0.005084745762712	0.271186440677966	0.683050847457627	0.511864406779661	0.113559322033898	0	0.03728813559322	0.054237288135593	0.049152542372881	0.011864406779661	0.116949152542373	0.03728813559322	0.045762711864407	0	0	0.232203389830509	392791023	1964922	1896	103	0.8	16/05/11	Pacific	-4013	-150.3192	21.0638	34.6888	1.162	134.3429	204.1289	0.2723	0.703	0	0	0	0.0248	0	CDW	Pacific basin
MP2016	0.005594405594406	0.005594405594406	0	0	0.067132867132867	0	0	0	0.002797202797203	0	0	0.500699300699301	0.434965034965035	0.198601398601399	0.230769230769231	0	0	0.072727272727273	0.067132867132867	0.00979020979021	0.237762237762238	0.448951048951049	0.005594405594406	0.022377622377622	0	0.032167832167832	0.102097902097902	0.099300699300699	0.507692307692308	0	0	0	0	0	0	0	0.074125874125874	0.034965034965035	0	0	392525984	2097192	2016	109	0.2	22/05/11	Pacific	-4004	-133.26	18.04	34.6897	1.1582	135.0573	203.445	0.2731	0.7038	0	0	0	0.0232	0	CDW	Pacific basin
MP2052	0.009671179883946	0.019342359767892	0	0	0.042553191489362	0.027079303675048	0	0	0	0	0	0.272727272727273	0.11605415860735	0.392649903288201	0.003868471953578	0	0	0	0	0	0.011605415860735	0	0.019342359767892	0.019342359767892	0	0.029013539651838	0.359767891682785	0.27852998065764	0	0	0	0	0	0	0	0	0.158607350096712	0.038684719535783	0	0.11605415860735	425269418	2279302	2052	112	0.8	25/05/11	Pacific	-4002	-124.4738	15.9087	34.6897	1.1733	133.9248	204.448	0.2659	0.7102	0	0	0	0.0239	0	CDW	Pacific basin
MP2053	0	0.007547169811321	0	0	0.026415094339623	0	0.022641509433962	0	0.069811320754717	0	0	0.605660377358491	0.29811320754717	0.267924528301887	0.209433962264151	0	0	0.035849056603774	0.071698113207547	0	0.105660377358491	0.420754716981132	0.073584905660377	0.028301886792453	0	0	0.090566037735849	0.109433962264151	0.645283018867925	0.009433962264151	0.015094339622642	0	0.005660377358491	0	0	0	0.049056603773585	0.032075471698113	0	0	459791732	2531285	2053	112	0.2	25/05/11	Pacific	-4002	-124.4738	15.9087	34.6897	1.1733	133.9248	204.448	0.2659	0.7102	0	0	0	0.0239	0	CDW	Pacific basin
MP2158	0	0	0	0	0	0.087934560327198	0	0	0	0	0	0.186094069529652	0.077709611451943	0.214723926380368	0	0	0	0	0	0	0	0	0	0.006134969325153	0	0.071574642126789	0.572597137014315	0.192229038854806	0	0	0	0	0.053169734151329	0	0	0	0.116564417177914	0.03680981595092	0	0.269938650306748	433455086	2299222	2158	118	0.8	31/05/11	Pacific	-3103	-108.06	12	34.6805	1.4552	113.0293	222.958	0.1424	0.806	0	0	0	0.0516	0	CDW	Pacific basin
MP2159	0.00407450523865	0.012805587892899	0	0	0.005820721769499	0.0046565774156	0.016298020954598	0	0.016298020954598	0	0	0.134458672875437	0.080325960419092	0.179860302677532	0.238067520372526	0.00174621653085	0.006402793946449	0	0.005238649592549	0.0023282887078	0.019208381839348	0	0.087310826542491	0.019208381839348	0	0	0.0046565774156	0.016298020954598	0.043655413271246	0	0	0.007566938300349	0	0	0	0	0.093713620488941	0.042491268917346	0	0	425533184	2265505	2159	118	0.2	31/05/11	Pacific	-3103	-108.06	12	34.6805	1.4552	113.0293	222.958	0.1424	0.806	0	0	0	0.0516	0	CDW	Pacific basin
MP2252	0.13125	0.0296875	0	0	0	0.0125	0.0171875	0	0	0	0	0.0453125	0.0125	0.5640625	0.01875	0	0	0	0	0	0	0	0.0515625	0.03125	0	0.2046875	0.59375	0.4859375	0.021875	0	0	0.0328125	0.0609375	0.0203125	0.0234375	0.0140625	0.0390625	0.00625	0	0.078125	433749654	2244699	2252	121	0.8	03/06/11	Pacific	-3008	-99.2462	10.0927	34.6755	1.6156	103.806	230.837	0.0719	0.8612	0	0	0	0.067	0	CDW	Guatemala basin
MP2253	0.012742382271468	0.013296398891967	0	0	0.001108033240997	0.008310249307479	0.01994459833795	0	0.002770083102493	0	0	0.178393351800554	0.143490304709141	0.112465373961219	0.332409972299169	0.005540166204986	0	0	0	0.00387811634349	0.005540166204986	0	0.115235457063712	0.024930747922438	0	0	0.004986149584488	0.021052631578947	0.028254847645429	0	0	0	0	0	0	0	0.156786703601108	0.062603878116344	0	0	603408235	3216588	2253	121	0.2	03/06/11	Pacific	-3008	-99.2462	10.0927	34.6755	1.6156	103.806	230.837	0.0719	0.8612	0	0	0	0.067	0	CDW	Guatemala basin
MP2497	0.148514851485149	0.023102310231023	0	0	0.072607260726073	0.198019801980198	0	0	0.02970297029703	0	0	0.389438943894389	0.240924092409241	0.696369636963696	0.02970297029703	0	0	0.023102310231023	0	0	0	0.151815181518152	0.115511551155116	0.056105610561056	0	0.399339933993399	1.37623762376238	0.518151815181518	0.013201320132013	0	0.244224422442244	0	0.042904290429043	0	0.056105610561056	0	0	0.036303630363036	0	0.706270627062706	484377899	2603702	2497	131	0.8	25/06/11	Atlantic	-4003	-59.83	17.43	34.9004	1.9688	242.8925	88.2236	0.0179	0.027	0.9551	0	0.9551	0	0	NADW	North American basin
MP2633	0.10167714884696	0.127882599580713	0.005241090146751	0	0.057651991614256	0.09643605870021	0.085953878406709	0	0	0	0	0.30083857442348	0.233752620545073	0.214884696016772	0.140461215932914	0	0	0	0	0	0	0	0.123689727463312	0.054507337526206	0	0.165618448637317	0.589098532494759	0.258909853249476	0.039832285115304	0	0.047169811320755	0.048218029350105	0.066037735849057	0.038784067085954	0.115303983228512	0.051362683438155	0.084905660377359	0.025157232704403	0	0.308176100628931	763368430	4111250	2633	134	0.8	28/06/11	Atlantic	-4003	-52.6367	19.9897	34.8889	1.9211	230.8888	100.6521	0.0319	0.0691	0.899	0	0.899	0	0	NADW	North American basin
MP2634	0.04867634500427	0.051238257899231	0	0	0.034158838599488	0.030742954739539	0.074295473953886	0	0.022203245089667	0	0	0.741246797608881	0.688300597779675	0.39197267292912	0.250213492741247	0	0	0.068317677198975	0.140905209222886	0.017933390264731	0.473099914602904	0.196413321947054	0.089666951323655	0.043552519214347	0	0.081127241673783	0.156276686592656	0.143467122117848	0.27668659265585	0	0	0.024765157984629	0.011955593509821	0.011955593509821	0.038428693424424	0.005123825789923	0.246797608881298	0.134927412467976	0	0.035866780529462	876718041	4592156	2634	134	0.2	28/06/11	Atlantic	-4003	-52.6367	19.9897	34.8889	1.9211	230.8888	100.6521	0.0319	0.0691	0.899	0	0.899	0	0	NADW	North American basin
MP2913	0.174740484429066	0	0	0	0	0.022491349480969	0.046712802768166	0	0.006920415224914	0	0	0.283737024221453	0.380622837370242	0.048442906574395	0.352941176470588	0	0	0	0	0	0.013840830449827	0.147058823529412	0.006920415224914	0	0	0.314878892733564	0.631487889273356	0.155709342560554	0.243944636678201	0	0	0.088235294117647	0	0.006920415224914	0	0	0.354671280276817	0.091695501730104	0	0.079584775086505	780284767	4128506	2913	144	0.8	08/07/11	Atlantic	-4003	-23.69	29.97	34.9071	2.1123	223.5273	106.3875	0	0.0391	0.9197	0.0412	0.9609	0	0	NADW	Canary basin
MP2914	0.145994832041344	0	0	0	0	0	0.016795865633075	0	0.010335917312662	0	0	0.177002583979328	0.211886304909561	0.037467700258398	0.158914728682171	0	0	0.051679586563308	0.003875968992248	0	0.01937984496124	0.467700258397933	0.064599483204134	0.007751937984496	0	0.426356589147287	0.713178294573643	0.214470284237726	0.319121447028424	0	0	0.072351421188631	0	0	0	0	0.161498708010336	0.058139534883721	0	0	449881206	2330612	2914	144	0.2	08/07/11	Atlantic	-4003	-23.69	29.97	34.9071	2.1123	223.5273	106.3875	0	0.0391	0.9197	0.0412	0.9609	0	0	NADW	Canary basin
MP2968	0.05859375	0	0	0	0	0	0	0	0	0	0	0.18359375	0.087890625	0	0.0859375	0	0	0	0	0	0	0	0.021484375	0.005859375	0	0.20703125	0.25390625	0.201171875	0	0	0	0.0703125	0	0.03515625	0	0	0.25	0.142578125	0	0	627854322	3323620	2968	146	0.8	10/07/11	Atlantic	-4002	-17.2662	32.0788	34.9058	2.0997	221.5695	108.4521	0	0.0435	0.9565	0	0.9565	0	0	NADW	Canary basin
MP2969	0.023713420787084	0.004036326942482	0	0	0.004540867810293	0	0.022199798183653	0	0.01664984863774	0	0	0.334006054490414	0.285570131180626	0.244702320887992	0.283047426841574	0	0	0.018668012108981	0.012613521695257	0.010090817356206	0.113017154389506	0	0.060040363269425	0.011604439959637	0	0.087790110998991	0.142280524722503	0.057013118062563	0	0	0	0.013118062563068	0	0	0	0	0.149344096871847	0.066599394550959	0	0	636121274	3380460	2969	146	0.2	10/07/11	Atlantic	-4002	-17.2662	32.0788	34.9058	2.0997	221.5695	108.4521	0	0.0435	0.9565	0	0.9565	0	0	NADW	Canary basin
